dropoffFirstName,dropoffLastName,dropoffEmailAddress,dropoffPhoneNumber,dropoffAddressLine1,dropoffAddressLine2,dropoffCity,dropoffPostcode,packageDropoffStartTime,packageDescription
Chisom,Oguibe,chisom.oguibe@googlemail.com,07507210809,250 Reede Road,,Dagenham,RM10 8EH,19/11/2021 18:50,Small and Fragile
Lucy,Baker,lucy.baker@googlemail.com,07507210810,251 Reede Road,,Dagenham,RM10 8EH,19/11/2021 18:50,Small and Fragile
Bill,Oliver,bill.oliver@example.com,07507210811,252 Reede Road,,Dagenham,RM10 8EH,19/11/2021 18:50,Small and Fragile
Ola,Oladapo,olaoladapo7@gmail.com,07507210812,42 Linton Road,,Barking,IG11 8FS,19/11/2021 17:28,Small and Fragile
Tina,Palmer,tina.palmer@example.com,07507210813,254 Reede Road,,Dagenham,RM10 8EH,19/11/2021 19:22,Small and Fragile
Darlene,Diaz,darlene.diaz@example.com,07527391080,255 Reede Road,,Dagenham,RM10 8EH,19/11/2021 18:50,Small and Fragile
Edwin,Rhodes,edwin.rhodes@example.com,07507212916,54 Sterry Rd,,Dagenham,RM10 8NX,19/11/2021 17:45,Small and Fragile
Kyle,Carroll,kyle.carroll@example.com,07528903197,11 Parsloes Avenue,,Dagenham,RM9 5NX,19/11/2021 20:50,Small and Fragile
Kyle,Carroll,kyle.carroll@example.com,07528903197,11 Parsloes Avenue,,Dagenham,RM9 5NX,19/11/2021 20:50,Small and Fragile
Kyle,Carroll,kyle.carroll@example.com,07528903197,11 Parsloes Avenue,,Dagenham,RM9 5NX,19/11/2021 20:50,Small and Fragile